transactionId,accountId,customerId,transactionType,amount,transactionDate,merchant,location,status
TXN001,ACC001,CUST001,CREDIT,5500.00,2024-01-01,Salary Deposit,New York,SUCCESS
TXN002,ACC001,CUST001,DEBIT,1250.00,2024-01-02,Rent Payment,New York,SUCCESS
TXN003,ACC001,CUST001,DEBIT,85.50,2024-01-03,Whole Foods Market,New York,SUCCESS
TXN004,ACC001,CUST001,DEBIT,45.00,2024-01-04,Netflix,New York,SUCCESS
TXN005,ACC001,CUST001,DEBIT,12.99,2024-01-05,Spotify,New York,SUCCESS
TXN006,ACC002,CUST002,CREDIT,3200.00,2024-01-01,Salary Deposit,Los Angeles,SUCCESS
TXN007,ACC002,CUST002,DEBIT,1800.00,2024-01-02,Rent Payment,Los Angeles,SUCCESS
TXN008,ACC002,CUST002,DEBIT,220.75,2024-01-03,Costco,Los Angeles,SUCCESS
TXN009,ACC002,CUST002,DEBIT,65.40,2024-01-04,Target,Los Angeles,SUCCESS
TXN010,ACC002,CUST002,DEBIT,28.50,2024-01-05,Starbucks,Los Angeles,SUCCESS
TXN011,ACC003,CUST003,CREDIT,4800.00,2024-01-01,Freelance Payment,Chicago,SUCCESS
TXN012,ACC003,CUST003,DEBIT,1500.00,2024-01-02,Rent Payment,Chicago,SUCCESS
TXN013,ACC003,CUST003,DEBIT,95.20,2024-01-03,Trader Joe's,Chicago,SUCCESS
TXN014,ACC003,CUST003,DEBIT,55.00,2024-01-04,Amazon Prime,Chicago,SUCCESS
TXN015,ACC003,CUST003,DEBIT,35.00,2024-01-05,Gas Station,Chicago,SUCCESS
TXN016,ACC004,CUST004,CREDIT,6200.00,2024-01-01,Bonus Payment,Houston,SUCCESS
TXN017,ACC004,CUST004,DEBIT,1100.00,2024-01-02,Mortgage Payment,Houston,SUCCESS
TXN018,ACC004,CUST004,DEBIT,180.30,2024-01-03,Walmart,Houston,SUCCESS
TXN019,ACC004,CUST004,DEBIT,75.60,2024-01-04,Home Depot,Houston,SUCCESS
TXN020,ACC004,CUST004,DEBIT,42.25,2024-01-05,Chipotle,Houston,SUCCESS
TXN021,ACC005,CUST005,CREDIT,2900.00,2024-01-01,Part-time Job,Phoenix,SUCCESS
TXN022,ACC005,CUST005,DEBIT,950.00,2024-01-02,Rent Payment,Phoenix,SUCCESS
TXN023,ACC005,CUST005,DEBIT,125.80,2024-01-03,Safeway,Phoenix,SUCCESS
TXN024,ACC005,CUST005,DEBIT,29.99,2024-01-04,Hulu,Phoenix,SUCCESS
TXN025,ACC005,CUST005,DEBIT,18.50,2024-01-05,Subway,Phoenix,SUCCESS
TXN026,ACC001,CUST001,CREDIT,150.00,2024-01-06,Cashback Reward,New York,SUCCESS
TXN027,ACC001,CUST001,DEBIT,89.99,2024-01-06,Amazon,New York,SUCCESS
TXN028,ACC001,CUST001,DEBIT,25.00,2024-01-07,Parking Garage,New York,SUCCESS
TXN029,ACC001,CUST001,DEBIT,120.00,2024-01-08,Utility Bill,New York,SUCCESS
TXN030,ACC001,CUST001,DEBIT,67.45,2024-01-09,Restaurant,New York,SUCCESS
TXN031,ACC002,CUST002,CREDIT,200.00,2024-01-06,Investment Return,Los Angeles,SUCCESS
TXN032,ACC002,CUST002,DEBIT,156.78,2024-01-06,Uber,Los Angeles,SUCCESS
TXN033,ACC002,CUST002,DEBIT,89.50,2024-01-07,Nordstrom,Los Angeles,SUCCESS
TXN034,ACC002,CUST002,DEBIT,45.00,2024-01-08,Phone Bill,Los Angeles,SUCCESS
TXN035,ACC002,CUST002,DEBIT,92.30,2024-01-09,Grocery Store,Los Angeles,SUCCESS
TXN036,ACC003,CUST003,CREDIT,500.00,2024-01-06,Gift Payment,Chicago,SUCCESS
TXN037,ACC003,CUST003,DEBIT,78.90,2024-01-06,Apple Store,Chicago,SUCCESS
TXN038,ACC003,CUST003,DEBIT,34.56,2024-01-07,Coffee Shop,Chicago,SUCCESS
TXN039,ACC003,CUST003,DEBIT,145.00,2024-01-08,Clothing Store,Chicago,SUCCESS
TXN040,ACC003,CUST003,DEBIT,56.78,2024-01-09,Pharmacy,Chicago,SUCCESS
TXN041,ACC004,CUST004,CREDIT,350.00,2024-01-06,Dividend Payment,Houston,SUCCESS
TXN042,ACC004,CUST004,DEBIT,234.56,2024-01-06,Electronics Store,Houston,SUCCESS
TXN043,ACC004,CUST004,DEBIT,67.89,2024-01-07,Fast Food,Houston,SUCCESS
TXN044,ACC004,CUST004,DEBIT,123.45,2024-01-08,Department Store,Houston,SUCCESS
TXN045,ACC004,CUST004,DEBIT,89.01,2024-01-09,Online Shopping,Houston,SUCCESS
TXN046,ACC005,CUST005,CREDIT,100.00,2024-01-06,Refund,Phoenix,SUCCESS
TXN047,ACC005,CUST005,DEBIT,45.67,2024-01-06,Movie Theater,Phoenix,SUCCESS
TXN048,ACC005,CUST005,DEBIT,78.90,2024-01-07,Pet Store,Phoenix,SUCCESS
TXN049,ACC005,CUST005,DEBIT,23.45,2024-01-08,Ice Cream Shop,Phoenix,SUCCESS
TXN050,ACC005,CUST005,DEBIT,156.78,2024-01-09,Hardware Store,Phoenix,SUCCESS
TXN051,ACC001,CUST001,CREDIT,75.00,2024-01-10,Survey Reward,New York,SUCCESS
TXN052,ACC001,CUST001,DEBIT,234.50,2024-01-10,Online Course,New York,SUCCESS
TXN053,ACC001,CUST001,DEBIT,45.00,2024-01-11,Gym Membership,New York,SUCCESS
TXN054,ACC001,CUST001,DEBIT,178.90,2024-01-12,Electronics,New York,SUCCESS
TXN055,ACC001,CUST001,DEBIT,56.70,2024-01-13,Books,New York,SUCCESS
TXN056,ACC002,CUST002,CREDIT,1200.00,2024-01-10,Freelance Project,Los Angeles,SUCCESS
TXN057,ACC002,CUST002,DEBIT,345.60,2024-01-10,Hotel Booking,Los Angeles,SUCCESS
TXN058,ACC002,CUST002,DEBIT,89.90,2024-01-11,Concert Tickets,Los Angeles,SUCCESS
TXN059,ACC002,CUST002,DEBIT,234.50,2024-01-12,Restaurant,Los Angeles,SUCCESS
TXN060,ACC002,CUST002,DEBIT,67.80,2024-01-13,Transportation,Los Angeles,SUCCESS
TXN061,ACC003,CUST003,CREDIT,800.00,2024-01-10,Consulting Fee,Chicago,SUCCESS
TXN062,ACC003,CUST003,DEBIT,456.70,2024-01-10,Furniture Purchase,Chicago,SUCCESS
TXN063,ACC003,CUST003,DEBIT,123.40,2024-01-11,Home Improvement,Chicago,SUCCESS
TXN064,ACC003,CUST003,DEBIT,89.60,2024-01-12,Entertainment,Chicago,SUCCESS
TXN065,ACC003,CUST003,DEBIT,234.70,2024-01-13,Groceries,Chicago,SUCCESS
TXN066,ACC004,CUST004,CREDIT,600.00,2024-01-10,Stock Dividend,Houston,SUCCESS
TXN067,ACC004,CUST004,DEBIT,178.90,2024-01-10,Car Maintenance,Houston,SUCCESS
TXN068,ACC004,CUST004,DEBIT,345.60,2024-01-11,Insurance Payment,Houston,SUCCESS
TXN069,ACC004,CUST004,DEBIT,89.70,2024-01-12,Medical Expenses,Houston,SUCCESS
TXN070,ACC004,CUST004,DEBIT,456.80,2024-01-13,Vacation Booking,Houston,SUCCESS
TXN071,ACC005,CUST005,CREDIT,400.00,2024-01-10,Side Hustle,Phoenix,SUCCESS
TXN072,ACC005,CUST005,DEBIT,234.50,2024-01-10,Home Decor,Phoenix,SUCCESS
TXN073,ACC005,CUST005,DEBIT,67.80,2024-01-11,Fitness Equipment,Phoenix,SUCCESS
TXN074,ACC005,CUST005,DEBIT,123.90,2024-01-12,Beauty Products,Phoenix,SUCCESS
TXN075,ACC005,CUST005,DEBIT,89.60,2024-01-13,Subscription Services,Phoenix,SUCCESS
TXN076,ACC001,CUST001,CREDIT,250.00,2024-01-14,Cashback Bonus,New York,SUCCESS
TXN077,ACC001,CUST001,DEBIT,145.60,2024-01-14,Online Shopping,New York,SUCCESS
TXN078,ACC001,CUST001,DEBIT,78.90,2024-01-15,Food Delivery,New York,SUCCESS
TXN079,ACC001,CUST001,DEBIT,234.50,2024-01-16,Utility Bill,New York,SUCCESS
TXN080,ACC001,CUST001,DEBIT,56.70,2024-01-17,Pet Supplies,New York,SUCCESS
TXN081,ACC002,CUST002,CREDIT,180.00,2024-01-14,Refund,Los Angeles,SUCCESS
TXN082,ACC002,CUST002,DEBIT,345.70,2024-01-14,Clothing,Los Angeles,SUCCESS
TXN083,ACC002,CUST002,DEBIT,89.80,2024-01-15,Coffee,Los Angeles,SUCCESS
TXN084,ACC002,CUST002,DEBIT,123.40,2024-01-16,Gas Station,Los Angeles,SUCCESS
TXN085,ACC002,CUST002,DEBIT,456.90,2024-01-17,Electronics,Los Angeles,SUCCESS
TXN086,ACC003,CUST003,CREDIT,320.00,2024-01-14,Interest Payment,Chicago,SUCCESS
TXN087,ACC003,CUST003,DEBIT,67.90,2024-01-14,Public Transport,Chicago,SUCCESS
TXN088,ACC003,CUST003,DEBIT,234.60,2024-01-15,Groceries,Chicago,SUCCESS
TXN089,ACC003,CUST003,DEBIT,178.70,2024-01-16,Entertainment,Chicago,SUCCESS
TXN090,ACC003,CUST003,DEBIT,89.80,2024-01-17,Healthcare,Chicago,SUCCESS
TXN091,ACC004,CUST004,CREDIT,450.00,2024-01-14,Rental Income,Houston,SUCCESS
TXN092,ACC004,CUST004,DEBIT,123.50,2024-01-14,Home Supplies,Houston,SUCCESS
TXN093,ACC004,CUST004,DEBIT,456.70,2024-01-15,Car Repair,Houston,SUCCESS
TXN094,ACC004,CUST004,DEBIT,89.90,2024-01-16,Education,Houston,SUCCESS
TXN095,ACC004,CUST004,DEBIT,234.80,2024-01-17,Travel,Houston,SUCCESS
TXN096,ACC005,CUST005,CREDIT,280.00,2024-01-14,Gift Card,Phoenix,SUCCESS
TXN097,ACC005,CUST005,DEBIT,345.80,2024-01-14,Sports Equipment,Phoenix,SUCCESS
TXN098,ACC005,CUST005,DEBIT,67.90,2024-01-15,Streaming Services,Phoenix,SUCCESS
TXN099,ACC005,CUST005,DEBIT,123.50,2024-01-16,Office Supplies,Phoenix,SUCCESS
TXN100,ACC005,CUST005,DEBIT,178.90,2024-01-17,Personal Care,Phoenix,SUCCESS
TXN101,ACC001,CUST001,CREDIT,5000.00,2024-02-01,Salary Deposit,New York,SUCCESS
TXN102,ACC001,CUST001,DEBIT,1250.00,2024-02-02,Rent Payment,New York,SUCCESS
TXN103,ACC001,CUST001,DEBIT,234.50,2024-02-03,Insurance,New York,SUCCESS
TXN104,ACC001,CUST001,DEBIT,89.60,2024-02-04,Internet Bill,New York,SUCCESS
TXN105,ACC001,CUST001,DEBIT,45.00,2024-02-05,Phone Bill,New York,SUCCESS
TXN106,ACC002,CUST002,CREDIT,3200.00,2024-02-01,Salary Deposit,Los Angeles,SUCCESS
TXN107,ACC002,CUST002,DEBIT,1800.00,2024-02-02,Rent Payment,Los Angeles,SUCCESS
TXN108,ACC002,CUST002,DEBIT,345.70,2024-02-03,Car Insurance,Los Angeles,SUCCESS
TXN109,ACC002,CUST002,DEBIT,123.40,2024-02-04,Utilities,Los Angeles,SUCCESS
TXN110,ACC002,CUST002,DEBIT,67.80,2024-02-05,Groceries,Los Angeles,SUCCESS
TXN111,ACC003,CUST003,CREDIT,4800.00,2024-02-01,Freelance Payment,Chicago,SUCCESS
TXN112,ACC003,CUST003,DEBIT,1500.00,2024-02-02,Rent Payment,Chicago,SUCCESS
TXN113,ACC003,CUST003,DEBIT,456.70,2024-02-03,Health Insurance,Chicago,SUCCESS
TXN114,ACC003,CUST003,DEBIT,234.50,2024-02-04,Student Loan,Chicago,SUCCESS
TXN115,ACC003,CUST003,DEBIT,89.60,2024-02-05,Transportation,Chicago,SUCCESS
TXN116,ACC004,CUST004,CREDIT,6200.00,2024-02-01,Bonus Payment,Houston,SUCCESS
TXN117,ACC004,CUST004,DEBIT,1100.00,2024-02-02,Mortgage Payment,Houston,SUCCESS
TXN118,ACC004,CUST004,DEBIT,567.80,2024-02-03,Property Tax,Houston,SUCCESS
TXN119,ACC004,CUST004,DEBIT,123.40,2024-02-04,Home Maintenance,Houston,SUCCESS
TXN120,ACC004,CUST004,DEBIT,234.50,2024-02-05,Garden Supplies,Houston,SUCCESS
TXN121,ACC005,CUST005,CREDIT,2900.00,2024-02-01,Part-time Job,Phoenix,SUCCESS
TXN122,ACC005,CUST005,DEBIT,950.00,2024-02-02,Rent Payment,Phoenix,SUCCESS
TXN123,ACC005,CUST005,DEBIT,178.90,2024-02-03,Car Payment,Phoenix,SUCCESS
TXN124,ACC005,CUST005,DEBIT,345.60,2024-02-04,Home Insurance,Phoenix,SUCCESS
TXN125,ACC005,CUST005,DEBIT,67.80,2024-02-05,Utilities,Phoenix,SUCCESS
TXN126,ACC001,CUST001,CREDIT,200.00,2024-02-06,Investment Return,New York,SUCCESS
TXN127,ACC001,CUST001,DEBIT,456.70,2024-02-06,Furniture,New York,SUCCESS
TXN128,ACC001,CUST001,DEBIT,123.40,2024-02-07,Home Decor,New York,SUCCESS
TXN129,ACC001,CUST001,DEBIT,89.50,2024-02-08,Entertainment,New York,SUCCESS
TXN130,ACC001,CUST001,DEBIT,234.60,2024-02-09,Dining Out,New York,SUCCESS
TXN131,ACC002,CUST002,CREDIT,350.00,2024-02-06,Dividend Payment,Los Angeles,SUCCESS
TXN132,ACC002,CUST002,DEBIT,678.90,2024-02-06,Vacation Package,Los Angeles,SUCCESS
TXN133,ACC002,CUST002,DEBIT,234.50,2024-02-07,Flight Booking,Los Angeles,SUCCESS
TXN134,ACC002,CUST002,DEBIT,123.60,2024-02-08,Hotel,Los Angeles,SUCCESS
TXN135,ACC002,CUST002,DEBIT,456.70,2024-02-09,Tours,Los Angeles,SUCCESS
TXN136,ACC003,CUST003,CREDIT,600.00,2024-02-06,Stock Dividend,Chicago,SUCCESS
TXN137,ACC003,CUST003,DEBIT,345.70,2024-02-06,Professional Development,Chicago,SUCCESS
TXN138,ACC003,CUST003,DEBIT,178.80,2024-02-07,Conference Fee,Chicago,SUCCESS
TXN139,ACC003,CUST003,DEBIT,89.50,2024-02-08,Networking Event,Chicago,SUCCESS
TXN140,ACC003,CUST003,DEBIT,234.60,2024-02-09,Books,Chicago,SUCCESS
TXN141,ACC004,CUST004,CREDIT,800.00,2024-02-06,Business Income,Houston,SUCCESS
TXN142,ACC004,CUST004,DEBIT,456.80,2024-02-06,Office Equipment,Houston,SUCCESS
TXN143,ACC004,CUST004,DEBIT,123.40,2024-02-07,Software License,Houston,SUCCESS
TXN144,ACC004,CUST004,DEBIT,678.90,2024-02-08,Marketing,Houston,SUCCESS
TXN145,ACC004,CUST004,DEBIT,234.50,2024-02-09,Consulting,Houston,SUCCESS
TXN146,ACC005,CUST005,CREDIT,450.00,2024-02-06,Side Business,Phoenix,SUCCESS
TXN147,ACC005,CUST005,DEBIT,123.60,2024-02-06,Art Supplies,Phoenix,SUCCESS
TXN148,ACC005,CUST005,DEBIT,345.70,2024-02-07,Craft Materials,Phoenix,SUCCESS
TXN149,ACC005,CUST005,DEBIT,89.80,2024-02-08,Photography,Phoenix,SUCCESS
TXN150,ACC005,CUST005,DEBIT,234.50,2024-02-09,Workshop,Phoenix,SUCCESS
TXN151,ACC001,CUST001,CREDIT,150.00,2024-02-10,Cashback Reward,New York,SUCCESS
TXN152,ACC001,CUST001,DEBIT,567.80,2024-02-10,Electronics,New York,SUCCESS
TXN153,ACC001,CUST001,DEBIT,123.40,2024-02-11,Accessories,New York,SUCCESS
TXN154,ACC001,CUST001,DEBIT,89.50,2024-02-12,Apps,New York,SUCCESS
TXN155,ACC001,CUST001,DEBIT,45.60,2024-02-13,Music,New York,SUCCESS
TXN156,ACC002,CUST002,CREDIT,1200.00,2024-02-10,Freelance Project,Los Angeles,SUCCESS
TXN157,ACC002,CUST002,DEBIT,234.50,2024-02-10,Clothing,Los Angeles,SUCCESS
TXN158,ACC002,CUST002,DEBIT,678.90,2024-02-11,Shoes,Los Angeles,SUCCESS
TXN159,ACC002,CUST002,DEBIT,123.40,2024-02-12,Jewelry,Los Angeles,SUCCESS
TXN160,ACC002,CUST002,DEBIT,456.70,2024-02-13,Perfume,Los Angeles,SUCCESS
TXN161,ACC003,CUST003,CREDIT,800.00,2024-02-10,Consulting Fee,Chicago,SUCCESS
TXN162,ACC003,CUST003,DEBIT,345.60,2024-02-10,Home Improvement,Chicago,SUCCESS
TXN163,ACC003,CUST003,DEBIT,178.90,2024-02-11,Garden Tools,Chicago,SUCCESS
TXN164,ACC003,CUST003,DEBIT,89.70,2024-02-12,Plants,Chicago,SUCCESS
TXN165,ACC003,CUST003,DEBIT,234.50,2024-02-13,Outdoor Furniture,Chicago,SUCCESS
TXN166,ACC004,CUST004,CREDIT,600.00,2024-02-10,Investment Return,Houston,SUCCESS
TXN167,ACC004,CUST004,DEBIT,456.80,2024-02-10,Car Accessories,Houston,SUCCESS
TXN168,ACC004,CUST004,DEBIT,123.40,2024-02-11,Tires,Houston,SUCCESS
TXN169,ACC004,CUST004,DEBIT,678.90,2024-02-12,Auto Parts,Houston,SUCCESS
TXN170,ACC004,CUST004,DEBIT,234.50,2024-02-13,Maintenance,Houston,SUCCESS
TXN171,ACC005,CUST005,CREDIT,400.00,2024-02-10,Gift Payment,Phoenix,SUCCESS
TXN172,ACC005,CUST005,DEBIT,123.60,2024-02-10,Sports Gear,Phoenix,SUCCESS
TXN173,ACC005,CUST005,DEBIT,345.70,2024-02-11,Fitness,Phoenix,SUCCESS
TXN174,ACC005,CUST005,DEBIT,89.80,2024-02-12,Nutrition,Phoenix,SUCCESS
TXN175,ACC005,CUST005,DEBIT,234.50,2024-02-13,Wellness,Phoenix,SUCCESS
TXN176,ACC001,CUST001,CREDIT,250.00,2024-02-14,Refund,New York,SUCCESS
TXN177,ACC001,CUST001,DEBIT,178.90,2024-02-14,Travel,New York,SUCCESS
TXN178,ACC001,CUST001,DEBIT,456.70,2024-02-15,Hotel,New York,SUCCESS
TXN179,ACC001,CUST001,DEBIT,123.40,2024-02-16,Restaurant,New York,SUCCESS
TXN180,ACC001,CUST001,DEBIT,89.50,2024-02-17,Taxi,New York,SUCCESS
TXN181,ACC002,CUST002,CREDIT,180.00,2024-02-14,Cashback Bonus,Los Angeles,SUCCESS
TXN182,ACC002,CUST002,DEBIT,234.50,2024-02-14,Shopping,Los Angeles,SUCCESS
TXN183,ACC002,CUST002,DEBIT,678.90,2024-02-15,Entertainment,Los Angeles,SUCCESS
TXN184,ACC002,CUST002,DEBIT,123.40,2024-02-16,Concert,Los Angeles,SUCCESS
TXN185,ACC002,CUST002,DEBIT,456.70,2024-02-17,Theater,Los Angeles,SUCCESS
TXN186,ACC003,CUST003,CREDIT,320.00,2024-02-14,Interest Payment,Chicago,SUCCESS
TXN187,ACC003,CUST003,DEBIT,345.60,2024-02-14,Education,Chicago,SUCCESS
TXN188,ACC003,CUST003,DEBIT,178.90,2024-02-15,Courses,Chicago,SUCCESS
TXN189,ACC003,CUST003,DEBIT,89.70,2024-02-16,Tutoring,Chicago,SUCCESS
TXN190,ACC003,CUST003,DEBIT,234.50,2024-02-17,Books,Chicago,SUCCESS
TXN191,ACC004,CUST004,CREDIT,450.00,2024-02-14,Rental Income,Houston,SUCCESS
TXN192,ACC004,CUST004,DEBIT,123.40,2024-02-14,Home Repair,Houston,SUCCESS
TXN193,ACC004,CUST004,DEBIT,456.80,2024-02-15,Plumbing,Houston,SUCCESS
TXN194,ACC004,CUST004,DEBIT,678.90,2024-02-16,Electrical,Houston,SUCCESS
TXN195,ACC004,CUST004,DEBIT,234.50,2024-02-17,Painting,Houston,SUCCESS
TXN196,ACC005,CUST005,CREDIT,280.00,2024-02-14,Gift Card,Phoenix,SUCCESS
TXN197,ACC005,CUST005,DEBIT,345.70,2024-02-14,Hobbies,Phoenix,SUCCESS
TXN198,ACC005,CUST005,DEBIT,89.80,2024-02-15,Games,Phoenix,SUCCESS
TXN199,ACC005,CUST005,DEBIT,123.50,2024-02-16,Collectibles,Phoenix,SUCCESS
TXN200,ACC005,CUST005,DEBIT,178.90,2024-02-17,Toys,Phoenix,SUCCESS
TXN201,ACC001,CUST001,CREDIT,5500.00,2024-03-01,Salary Deposit,New York,SUCCESS
TXN202,ACC001,CUST001,DEBIT,1250.00,2024-03-02,Rent Payment,New York,SUCCESS
TXN203,ACC001,CUST001,DEBIT,345.60,2024-03-03,Tax Payment,New York,SUCCESS
TXN204,ACC001,CUST001,DEBIT,178.90,2024-03-04,Legal Fees,New York,SUCCESS
TXN205,ACC001,CUST001,DEBIT,89.50,2024-03-05,Accounting,New York,SUCCESS
TXN206,ACC002,CUST002,CREDIT,3200.00,2024-03-01,Salary Deposit,Los Angeles,SUCCESS
TXN207,ACC002,CUST002,DEBIT,1800.00,2024-03-02,Rent Payment,Los Angeles,SUCCESS
TXN208,ACC002,CUST002,DEBIT,456.70,2024-03-03,Investment,Los Angeles,SUCCESS
TXN209,ACC002,CUST002,DEBIT,234.50,2024-03-04,Financial Advisor,Los Angeles,SUCCESS
TXN210,ACC002,CUST002,DEBIT,123.40,2024-03-05,Banking Fees,Los Angeles,SUCCESS
TXN211,ACC003,CUST003,CREDIT,4800.00,2024-03-01,Freelance Payment,Chicago,SUCCESS
TXN212,ACC003,CUST003,DEBIT,1500.00,2024-03-02,Rent Payment,Chicago,SUCCESS
TXN213,ACC003,CUST003,DEBIT,678.90,2024-03-03,Home Renovation,Chicago,SUCCESS
TXN214,ACC003,CUST003,DEBIT,345.60,2024-03-04,Appliances,Chicago,SUCCESS
TXN215,ACC003,CUST003,DEBIT,178.90,2024-03-05,Tools,Chicago,SUCCESS
TXN216,ACC004,CUST004,CREDIT,6200.00,2024-03-01,Bonus Payment,Houston,SUCCESS
TXN217,ACC004,CUST004,DEBIT,1100.00,2024-03-02,Mortgage Payment,Houston,SUCCESS
TXN218,ACC004,CUST004,DEBIT,789.00,2024-03-03,Landscaping,Houston,SUCCESS
TXN219,ACC004,CUST004,DEBIT,456.70,2024-03-04,Patio,Houston,SUCCESS
TXN220,ACC004,CUST004,DEBIT,234.50,2024-03-05,Outdoor Equipment,Houston,SUCCESS
TXN221,ACC005,CUST005,CREDIT,2900.00,2024-03-01,Part-time Job,Phoenix,SUCCESS
TXN222,ACC005,CUST005,DEBIT,950.00,2024-03-02,Rent Payment,Phoenix,SUCCESS
TXN223,ACC005,CUST005,DEBIT,567.80,2024-03-03,Vehicle Upgrade,Phoenix,SUCCESS
TXN224,ACC005,CUST005,DEBIT,345.60,2024-03-04,Car Accessories,Phoenix,SUCCESS
TXN225,ACC005,CUST005,DEBIT,178.90,2024-03-05,Fuel,Phoenix,SUCCESS
TXN226,ACC001,CUST001,CREDIT,300.00,2024-03-06,Stock Dividend,New York,SUCCESS
TXN227,ACC001,CUST001,DEBIT,123.40,2024-03-06,Subscription,New York,SUCCESS
TXN228,ACC001,CUST001,DEBIT,89.50,2024-03-07,Cloud Storage,New York,SUCCESS
TXN229,ACC001,CUST001,DEBIT,45.60,2024-03-08,Software,New York,SUCCESS
TXN230,ACC001,CUST001,DEBIT,234.50,2024-03-09,Online Services,New York,SUCCESS
TXN231,ACC002,CUST002,CREDIT,500.00,2024-03-06,Investment Return,Los Angeles,SUCCESS
TXN232,ACC002,CUST002,DEBIT,678.90,2024-03-06,Luxury Items,Los Angeles,SUCCESS
TXN233,ACC002,CUST002,DEBIT,345.60,2024-03-07,Designer Clothes,Los Angeles,SUCCESS
TXN234,ACC002,CUST002,DEBIT,178.90,2024-03-08,Accessories,Los Angeles,SUCCESS
TXN235,ACC002,CUST002,DEBIT,89.50,2024-03-09,Cosmetics,Los Angeles,SUCCESS
TXN236,ACC003,CUST003,CREDIT,700.00,2024-03-06,Business Income,Chicago,SUCCESS
TXN237,ACC003,CUST003,DEBIT,456.70,2024-03-06,Office Supplies,Chicago,SUCCESS
TXN238,ACC003,CUST003,DEBIT,234.50,2024-03-07,Printing,Chicago,SUCCESS
TXN239,ACC003,CUST003,DEBIT,123.40,2024-03-08,Shipping,Chicago,SUCCESS
TXN240,ACC003,CUST003,DEBIT,89.60,2024-03-09,Postage,Chicago,SUCCESS
TXN241,ACC004,CUST004,CREDIT,900.00,2024-03-06,Rental Income,Houston,SUCCESS
TXN242,ACC004,CUST004,DEBIT,345.70,2024-03-06,Property Management,Houston,SUCCESS
TXN243,ACC004,CUST004,DEBIT,178.90,2024-03-07,Repairs,Houston,SUCCESS
TXN244,ACC004,CUST004,DEBIT,456.80,2024-03-08,Renovation,Houston,SUCCESS
TXN245,ACC004,CUST004,DEBIT,234.50,2024-03-09,Home Improvement,Houston,SUCCESS
TXN246,ACC005,CUST005,CREDIT,600.00,2024-03-06,Online Sales,Phoenix,SUCCESS
TXN247,ACC005,CUST005,DEBIT,123.60,2024-03-06,Digital Products,Phoenix,SUCCESS
TXN248,ACC005,CUST005,DEBIT,345.70,2024-03-07,Web Hosting,Phoenix,SUCCESS
TXN249,ACC005,CUST005,DEBIT,89.80,2024-03-08,Domain Names,Phoenix,SUCCESS
TXN250,ACC005,CUST005,DEBIT,234.50,2024-03-09,Marketing Tools,Phoenix,SUCCESS
TXN251,ACC001,CUST001,CREDIT,450.00,2024-03-10,Cashback Reward,New York,SUCCESS
TXN252,ACC001,CUST001,DEBIT,567.80,2024-03-10,Smart Home,New York,SUCCESS
TXN253,ACC001,CUST001,DEBIT,123.40,2024-03-11,Security System,New York,SUCCESS
TXN254,ACC001,CUST001,DEBIT,89.50,2024-03-12,Smart Devices,New York,SUCCESS
TXN255,ACC001,CUST001,DEBIT,234.60,2024-03-13,Home Automation,New York,SUCCESS
TXN256,ACC002,CUST002,CREDIT,800.00,2024-03-10,Bonus Payment,Los Angeles,SUCCESS
TXN257,ACC002,CUST002,DEBIT,345.60,2024-03-10,Fitness Equipment,Los Angeles,SUCCESS
TXN258,ACC002,CUST002,DEBIT,678.90,2024-03-11,Personal Trainer,Los Angeles,SUCCESS
TXN259,ACC002,CUST002,DEBIT,123.40,2024-03-12,Gym Membership,Los Angeles,SUCCESS
TXN260,ACC002,CUST002,DEBIT,456.70,2024-03-13,Yoga Classes,Los Angeles,SUCCESS
TXN261,ACC003,CUST003,CREDIT,1000.00,2024-03-10,Project Payment,Chicago,SUCCESS
TXN262,ACC003,CUST003,DEBIT,234.50,2024-03-10,Software Tools,Chicago,SUCCESS
TXN263,ACC003,CUST003,DEBIT,567.80,2024-03-11,Computer Upgrade,Chicago,SUCCESS
TXN264,ACC003,CUST003,DEBIT,345.60,2024-03-12,Monitor,Chicago,SUCCESS
TXN265,ACC003,CUST003,DEBIT,178.90,2024-03-13,Keyboard,Chicago,SUCCESS
TXN266,ACC004,CUST004,CREDIT,1200.00,2024-03-10,Investment Return,Houston,SUCCESS
TXN267,ACC004,CUST004,DEBIT,456.80,2024-03-10,Real Estate,Houston,SUCCESS
TXN268,ACC004,CUST004,DEBIT,678.90,2024-03-11,Property Investment,Houston,SUCCESS
TXN269,ACC004,CUST004,DEBIT,234.50,2024-03-12,Legal Services,Houston,SUCCESS
TXN270,ACC004,CUST004,DEBIT,123.40,2024-03-13,Insurance Premium,Houston,SUCCESS
TXN271,ACC005,CUST005,CREDIT,750.00,2024-03-10,Freelance Work,Phoenix,SUCCESS
TXN272,ACC005,CUST005,DEBIT,345.70,2024-03-10,Photography Gear,Phoenix,SUCCESS
TXN273,ACC005,CUST005,DEBIT,567.80,2024-03-11,Camera Equipment,Phoenix,SUCCESS
TXN274,ACC005,CUST005,DEBIT,234.50,2024-03-12,Lighting,Phoenix,SUCCESS
TXN275,ACC005,CUST005,DEBIT,123.60,2024-03-13,Photo Editing Software,Phoenix,SUCCESS
TXN276,ACC001,CUST001,CREDIT,200.00,2024-03-14,Refund,New York,SUCCESS
TXN277,ACC001,CUST001,DEBIT,89.70,2024-03-14,Streaming Services,New York,SUCCESS
TXN278,ACC001,CUST001,DEBIT,156.80,2024-03-15,Music Streaming,New York,SUCCESS
TXN279,ACC001,CUST001,DEBIT,234.50,2024-03-16,Video Streaming,New York,SUCCESS
TXN280,ACC001,CUST001,DEBIT,67.90,2024-03-17,Podcast Subscription,New York,SUCCESS
TXN281,ACC002,CUST002,CREDIT,350.00,2024-03-14,Gift Card,Los Angeles,SUCCESS
TXN282,ACC002,CUST002,DEBIT,456.70,2024-03-14,Electronics,Los Angeles,SUCCESS
TXN283,ACC002,CUST002,DEBIT,178.90,2024-03-15,Gaming Console,Los Angeles,SUCCESS
TXN284,ACC002,CUST002,DEBIT,89.60,2024-03-16,Video Games,Los Angeles,SUCCESS
TXN285,ACC002,CUST002,DEBIT,234.50,2024-03-17,Gaming Accessories,Los Angeles,SUCCESS
TXN286,ACC003,CUST003,CREDIT,500.00,2024-03-14,Interest Payment,Chicago,SUCCESS
TXN287,ACC003,CUST003,DEBIT,123.40,2024-03-14,Books,Chicago,SUCCESS
TXN288,ACC003,CUST003,DEBIT,345.60,2024-03-15,E-books,Chicago,SUCCESS
TXN289,ACC003,CUST003,DEBIT,67.80,2024-03-16,Audiobooks,Chicago,SUCCESS
TXN290,ACC003,CUST003,DEBIT,89.50,2024-03-17,Magazine Subscription,Chicago,SUCCESS
TXN291,ACC004,CUST004,CREDIT,600.00,2024-03-14,Dividend Payment,Houston,SUCCESS
TXN292,ACC004,CUST004,DEBIT,234.50,2024-03-14,Home Security,Houston,SUCCESS
TXN293,ACC004,CUST004,DEBIT,456.80,2024-03-15,Safety Equipment,Houston,SUCCESS
TXN294,ACC004,CUST004,DEBIT,178.90,2024-03-16,Emergency Supplies,Houston,SUCCESS
TXN295,ACC004,CUST004,DEBIT,123.40,2024-03-17,First Aid Kit,Houston,SUCCESS
TXN296,ACC005,CUST005,CREDIT,400.00,2024-03-14,Side Income,Phoenix,SUCCESS
TXN297,ACC005,CUST005,DEBIT,567.80,2024-03-14,Outdoor Gear,Phoenix,SUCCESS
TXN298,ACC005,CUST005,DEBIT,234.50,2024-03-15,Camping Equipment,Phoenix,SUCCESS
TXN299,ACC005,CUST005,DEBIT,123.60,2024-03-16,Hiking Gear,Phoenix,SUCCESS
TXN300,ACC005,CUST005,DEBIT,89.70,2024-03-17,Sports Equipment,Phoenix,SUCCESS
TXN301,ACC001,CUST001,CREDIT,5500.00,2024-04-01,Salary Deposit,New York,SUCCESS
TXN302,ACC001,CUST001,DEBIT,1250.00,2024-04-02,Rent Payment,New York,SUCCESS
TXN303,ACC001,CUST001,DEBIT,234.50,2024-04-03,Groceries,New York,SUCCESS
TXN304,ACC001,CUST001,DEBIT,89.60,2024-04-04,Utilities,New York,SUCCESS
TXN305,ACC001,CUST001,DEBIT,45.00,2024-04-05,Internet,New York,SUCCESS
TXN306,ACC002,CUST002,CREDIT,3200.00,2024-04-01,Salary Deposit,Los Angeles,SUCCESS
TXN307,ACC002,CUST002,DEBIT,1800.00,2024-04-02,Rent Payment,Los Angeles,SUCCESS
TXN308,ACC002,CUST002,DEBIT,345.70,2024-04-03,Car Payment,Los Angeles,SUCCESS
TXN309,ACC002,CUST002,DEBIT,123.40,2024-04-04,Insurance,Los Angeles,SUCCESS
TXN310,ACC002,CUST002,DEBIT,67.80,2024-04-05,Gas,Los Angeles,SUCCESS
TXN311,ACC003,CUST003,CREDIT,4800.00,2024-04-01,Freelance Payment,Chicago,SUCCESS
TXN312,ACC003,CUST003,DEBIT,1500.00,2024-04-02,Rent Payment,Chicago,SUCCESS
TXN313,ACC003,CUST003,DEBIT,456.70,2024-04-03,Home Repair,Chicago,SUCCESS
TXN314,ACC003,CUST003,DEBIT,234.50,2024-04-04,Appliances,Chicago,SUCCESS
TXN315,ACC003,CUST003,DEBIT,89.60,2024-04-05,Electronics,Chicago,SUCCESS
TXN316,ACC004,CUST004,CREDIT,6200.00,2024-04-01,Bonus Payment,Houston,SUCCESS
TXN317,ACC004,CUST004,DEBIT,1100.00,2024-04-02,Mortgage Payment,Houston,SUCCESS
TXN318,ACC004,CUST004,DEBIT,567.80,2024-04-03,Home Improvement,Houston,SUCCESS
TXN319,ACC004,CUST004,DEBIT,123.40,2024-04-04,Furniture,Houston,SUCCESS
TXN320,ACC004,CUST004,DEBIT,234.50,2024-04-05,Decor,Houston,SUCCESS
TXN321,ACC005,CUST005,CREDIT,2900.00,2024-04-01,Part-time Job,Phoenix,SUCCESS
TXN322,ACC005,CUST005,DEBIT,950.00,2024-04-02,Rent Payment,Phoenix,SUCCESS
TXN323,ACC005,CUST005,DEBIT,178.90,2024-04-03,Groceries,Phoenix,SUCCESS
TXN324,ACC005,CUST005,DEBIT,345.60,2024-04-04,Clothing,Phoenix,SUCCESS
TXN325,ACC005,CUST005,DEBIT,67.80,2024-04-05,Entertainment,Phoenix,SUCCESS
TXN326,ACC001,CUST001,CREDIT,200.00,2024-04-06,Investment Return,New York,SUCCESS
TXN327,ACC001,CUST001,DEBIT,123.40,2024-04-06,Subscription,New York,SUCCESS
TXN328,ACC001,CUST001,DEBIT,89.50,2024-04-07,Streaming,New York,SUCCESS
TXN329,ACC001,CUST001,DEBIT,45.60,2024-04-08,Apps,New York,SUCCESS
TXN330,ACC001,CUST001,DEBIT,234.50,2024-04-09,Dining,New York,SUCCESS
TXN331,ACC002,CUST002,CREDIT,500.00,2024-04-06,Dividend Payment,Los Angeles,SUCCESS
TXN332,ACC002,CUST002,DEBIT,678.90,2024-04-06,Shopping,Los Angeles,SUCCESS
TXN333,ACC002,CUST002,DEBIT,345.60,2024-04-07,Fashion,Los Angeles,SUCCESS
TXN334,ACC002,CUST002,DEBIT,178.90,2024-04-08,Beauty,Los Angeles,SUCCESS
TXN335,ACC002,CUST002,DEBIT,89.50,2024-04-09,Wellness,Los Angeles,SUCCESS
TXN336,ACC003,CUST003,CREDIT,700.00,2024-04-06,Business Income,Chicago,SUCCESS
TXN337,ACC003,CUST003,DEBIT,456.70,2024-04-06,Office Supplies,Chicago,SUCCESS
TXN338,ACC003,CUST003,DEBIT,234.50,2024-04-07,Software,Chicago,SUCCESS
TXN339,ACC003,CUST003,DEBIT,123.40,2024-04-08,Hardware,Chicago,SUCCESS
TXN340,ACC003,CUST003,DEBIT,89.60,2024-04-09,Accessories,Chicago,SUCCESS
TXN341,ACC004,CUST004,CREDIT,900.00,2024-04-06,Rental Income,Houston,SUCCESS
TXN342,ACC004,CUST004,DEBIT,345.70,2024-04-06,Maintenance,Houston,SUCCESS
TXN343,ACC004,CUST004,DEBIT,178.90,2024-04-07,Repairs,Houston,SUCCESS
TXN344,ACC004,CUST004,DEBIT,456.80,2024-04-08,Upgrades,Houston,SUCCESS
TXN345,ACC004,CUST004,DEBIT,234.50,2024-04-09,Services,Houston,SUCCESS
TXN346,ACC005,CUST005,CREDIT,600.00,2024-04-06,Online Sales,Phoenix,SUCCESS
TXN347,ACC005,CUST005,DEBIT,123.60,2024-04-06,Digital Products,Phoenix,SUCCESS
TXN348,ACC005,CUST005,DEBIT,345.70,2024-04-07,Courses,Phoenix,SUCCESS
TXN349,ACC005,CUST005,DEBIT,89.80,2024-04-08,Training,Phoenix,SUCCESS
TXN350,ACC005,CUST005,DEBIT,234.50,2024-04-09,Certification,Phoenix,SUCCESS
TXN351,ACC001,CUST001,CREDIT,450.00,2024-04-10,Cashback Reward,New York,SUCCESS
TXN352,ACC001,CUST001,DEBIT,567.80,2024-04-10,Travel,New York,SUCCESS
TXN353,ACC001,CUST001,DEBIT,123.40,2024-04-11,Hotel,New York,SUCCESS
TXN354,ACC001,CUST001,DEBIT,89.50,2024-04-12,Flight,New York,SUCCESS
TXN355,ACC001,CUST001,DEBIT,234.60,2024-04-13,Vacation,New York,SUCCESS
TXN356,ACC002,CUST002,CREDIT,800.00,2024-04-10,Bonus Payment,Los Angeles,SUCCESS
TXN357,ACC002,CUST002,DEBIT,345.60,2024-04-10,Entertainment,Los Angeles,SUCCESS
TXN358,ACC002,CUST002,DEBIT,678.90,2024-04-11,Concerts,Los Angeles,SUCCESS
TXN359,ACC002,CUST002,DEBIT,123.40,2024-04-12,Events,Los Angeles,SUCCESS
TXN360,ACC002,CUST002,DEBIT,456.70,2024-04-13,Tickets,Los Angeles,SUCCESS
TXN361,ACC003,CUST003,CREDIT,1000.00,2024-04-10,Project Payment,Chicago,SUCCESS
TXN362,ACC003,CUST003,DEBIT,234.50,2024-04-10,Equipment,Chicago,SUCCESS
TXN363,ACC003,CUST003,DEBIT,567.80,2024-04-11,Tools,Chicago,SUCCESS
TXN364,ACC003,CUST003,DEBIT,345.60,2024-04-12,Machinery,Chicago,SUCCESS
TXN365,ACC003,CUST003,DEBIT,178.90,2024-04-13,Supplies,Chicago,SUCCESS
TXN366,ACC004,CUST004,CREDIT,1200.00,2024-04-10,Investment Return,Houston,SUCCESS
TXN367,ACC004,CUST004,DEBIT,456.80,2024-04-10,Real Estate,Houston,SUCCESS
TXN368,ACC004,CUST004,DEBIT,678.90,2024-04-11,Property,Houston,SUCCESS
TXN369,ACC004,CUST004,DEBIT,234.50,2024-04-12,Land,Houston,SUCCESS
TXN370,ACC004,CUST004,DEBIT,123.40,2024-04-13,Taxes,Houston,SUCCESS
TXN371,ACC005,CUST005,CREDIT,750.00,2024-04-10,Freelance Work,Phoenix,SUCCESS
TXN372,ACC005,CUST005,DEBIT,345.70,2024-04-10,Creative Work,Phoenix,SUCCESS
TXN373,ACC005,CUST005,DEBIT,567.80,2024-04-11,Design,Phoenix,SUCCESS
TXN374,ACC005,CUST005,DEBIT,234.50,2024-04-12,Art,Phoenix,SUCCESS
TXN375,ACC005,CUST005,DEBIT,123.60,2024-04-13,Photography,Phoenix,SUCCESS
TXN376,ACC001,CUST001,CREDIT,200.00,2024-04-14,Refund,New York,SUCCESS
TXN377,ACC001,CUST001,DEBIT,89.70,2024-04-14,Subscription,New York,SUCCESS
TXN378,ACC001,CUST001,DEBIT,156.80,2024-04-15,Services,New York,SUCCESS
TXN379,ACC001,CUST001,DEBIT,234.50,2024-04-16,Consulting,New York,SUCCESS
TXN380,ACC001,CUST001,DEBIT,67.90,2024-04-17,Professional,New York,SUCCESS
TXN381,ACC002,CUST002,CREDIT,350.00,2024-04-14,Gift Card,Los Angeles,SUCCESS
TXN382,ACC002,CUST002,DEBIT,456.70,2024-04-14,Shopping,Los Angeles,SUCCESS
TXN383,ACC002,CUST002,DEBIT,178.90,2024-04-15,Retail,Los Angeles,SUCCESS
TXN384,ACC002,CUST002,DEBIT,89.60,2024-04-16,Online,Los Angeles,SUCCESS
TXN385,ACC002,CUST002,DEBIT,234.50,2024-04-17,E-commerce,Los Angeles,SUCCESS
TXN386,ACC003,CUST003,CREDIT,500.00,2024-04-14,Interest Payment,Chicago,SUCCESS
TXN387,ACC003,CUST003,DEBIT,123.40,2024-04-14,Banking,Chicago,SUCCESS
TXN388,ACC003,CUST003,DEBIT,345.60,2024-04-15,Finance,Chicago,SUCCESS
TXN389,ACC003,CUST003,DEBIT,67.80,2024-04-16,Investment,Chicago,SUCCESS
TXN390,ACC003,CUST003,DEBIT,89.50,2024-04-17,Trading,Chicago,SUCCESS
TXN391,ACC004,CUST004,CREDIT,600.00,2024-04-14,Dividend Payment,Houston,SUCCESS
TXN392,ACC004,CUST004,DEBIT,234.50,2024-04-14,Portfolio,Houston,SUCCESS
TXN393,ACC004,CUST004,DEBIT,456.80,2024-04-15,Stocks,Houston,SUCCESS
TXN394,ACC004,CUST004,DEBIT,178.90,2024-04-16,Bonds,Houston,SUCCESS
TXN395,ACC004,CUST004,DEBIT,123.40,2024-04-17,Commodities,Houston,SUCCESS
TXN396,ACC005,CUST005,CREDIT,400.00,2024-04-14,Side Income,Phoenix,SUCCESS
TXN397,ACC005,CUST005,DEBIT,567.80,2024-04-14,Passive Income,Phoenix,SUCCESS
TXN398,ACC005,CUST005,DEBIT,234.50,2024-04-15,Royalties,Phoenix,SUCCESS
TXN399,ACC005,CUST005,DEBIT,123.60,2024-04-16,Licensing,Phoenix,SUCCESS
TXN400,ACC005,CUST005,DEBIT,89.70,2024-04-17,Affiliate,Phoenix,SUCCESS
TXN401,ACC001,CUST001,CREDIT,5500.00,2024-05-01,Salary Deposit,New York,SUCCESS
TXN402,ACC001,CUST001,DEBIT,1250.00,2024-05-02,Rent Payment,New York,SUCCESS
TXN403,ACC001,CUST001,DEBIT,345.60,2024-05-03,Groceries,New York,SUCCESS
TXN404,ACC001,CUST001,DEBIT,178.90,2024-05-04,Utilities,New York,SUCCESS
TXN405,ACC001,CUST001,DEBIT,89.50,2024-05-05,Phone Bill,New York,SUCCESS
TXN406,ACC002,CUST002,CREDIT,3200.00,2024-05-01,Salary Deposit,Los Angeles,SUCCESS
TXN407,ACC002,CUST002,DEBIT,1800.00,2024-05-02,Rent Payment,Los Angeles,SUCCESS
TXN408,ACC002,CUST002,DEBIT,456.70,2024-05-03,Car Insurance,Los Angeles,SUCCESS
TXN409,ACC002,CUST002,DEBIT,234.50,2024-05-04,Health Insurance,Los Angeles,SUCCESS
TXN410,ACC002,CUST002,DEBIT,123.40,2024-05-05,Gas,Los Angeles,SUCCESS
TXN411,ACC003,CUST003,CREDIT,4800.00,2024-05-01,Freelance Payment,Chicago,SUCCESS
TXN412,ACC003,CUST003,DEBIT,1500.00,2024-05-02,Rent Payment,Chicago,SUCCESS
TXN413,ACC003,CUST003,DEBIT,678.90,2024-05-03,Home Renovation,Chicago,SUCCESS
TXN414,ACC003,CUST003,DEBIT,345.60,2024-05-04,Furniture,Chicago,SUCCESS
TXN415,ACC003,CUST003,DEBIT,178.90,2024-05-05,Appliances,Chicago,SUCCESS
TXN416,ACC004,CUST004,CREDIT,6200.00,2024-05-01,Bonus Payment,Houston,SUCCESS
TXN417,ACC004,CUST004,DEBIT,1100.00,2024-05-02,Mortgage Payment,Houston,SUCCESS
TXN418,ACC004,CUST004,DEBIT,789.00,2024-05-03,Property Tax,Houston,SUCCESS
TXN419,ACC004,CUST004,DEBIT,456.70,2024-05-04,Home Maintenance,Houston,SUCCESS
TXN420,ACC004,CUST004,DEBIT,234.50,2024-05-05,Garden Supplies,Houston,SUCCESS
TXN421,ACC005,CUST005,CREDIT,2900.00,2024-05-01,Part-time Job,Phoenix,SUCCESS
TXN422,ACC005,CUST005,DEBIT,950.00,2024-05-02,Rent Payment,Phoenix,SUCCESS
TXN423,ACC005,CUST005,DEBIT,567.80,2024-05-03,Car Payment,Phoenix,SUCCESS
TXN424,ACC005,CUST005,DEBIT,345.60,2024-05-04,Auto Insurance,Phoenix,SUCCESS
TXN425,ACC005,CUST005,DEBIT,178.90,2024-05-05,Fuel,Phoenix,SUCCESS
TXN426,ACC001,CUST001,CREDIT,300.00,2024-05-06,Stock Dividend,New York,SUCCESS
TXN427,ACC001,CUST001,DEBIT,123.40,2024-05-06,Subscription,New York,SUCCESS
TXN428,ACC001,CUST001,DEBIT,89.50,2024-05-07,Streaming Services,New York,SUCCESS
TXN429,ACC001,CUST001,DEBIT,45.60,2024-05-08,Cloud Storage,New York,SUCCESS
TXN430,ACC001,CUST001,DEBIT,234.50,2024-05-09,Online Services,New York,SUCCESS
TXN431,ACC002,CUST002,CREDIT,500.00,2024-05-06,Investment Return,Los Angeles,SUCCESS
TXN432,ACC002,CUST002,DEBIT,678.90,2024-05-06,Luxury Items,Los Angeles,SUCCESS
TXN433,ACC002,CUST002,DEBIT,345.60,2024-05-07,Designer Clothes,Los Angeles,SUCCESS
TXN434,ACC002,CUST002,DEBIT,178.90,2024-05-08,Accessories,Los Angeles,SUCCESS
TXN435,ACC002,CUST002,DEBIT,89.50,2024-05-09,Cosmetics,Los Angeles,SUCCESS
TXN436,ACC003,CUST003,CREDIT,700.00,2024-05-06,Business Income,Chicago,SUCCESS
TXN437,ACC003,CUST003,DEBIT,456.70,2024-05-06,Office Equipment,Chicago,SUCCESS
TXN438,ACC003,CUST003,DEBIT,234.50,2024-05-07,Software License,Chicago,SUCCESS
TXN439,ACC003,CUST003,DEBIT,123.40,2024-05-08,Hardware,Chicago,SUCCESS
TXN440,ACC003,CUST003,DEBIT,89.60,2024-05-09,IT Support,Chicago,SUCCESS
TXN441,ACC004,CUST004,CREDIT,900.00,2024-05-06,Rental Income,Houston,SUCCESS
TXN442,ACC004,CUST004,DEBIT,345.70,2024-05-06,Property Management,Houston,SUCCESS
TXN443,ACC004,CUST004,DEBIT,178.90,2024-05-07,Legal Services,Houston,SUCCESS
TXN444,ACC004,CUST004,DEBIT,456.80,2024-05-08,Accounting,Houston,SUCCESS
TXN445,ACC004,CUST004,DEBIT,234.50,2024-05-09,Consulting,Houston,SUCCESS
TXN446,ACC005,CUST005,CREDIT,600.00,2024-05-06,Online Sales,Phoenix,SUCCESS
TXN447,ACC005,CUST005,DEBIT,123.60,2024-05-06,E-commerce,Phoenix,SUCCESS
TXN448,ACC005,CUST005,DEBIT,345.70,2024-05-07,Digital Marketing,Phoenix,SUCCESS
TXN449,ACC005,CUST005,DEBIT,89.80,2024-05-08,Social Media Ads,Phoenix,SUCCESS
TXN450,ACC005,CUST005,DEBIT,234.50,2024-05-09,Web Development,Phoenix,SUCCESS
TXN451,ACC001,CUST001,CREDIT,450.00,2024-05-10,Cashback Reward,New York,SUCCESS
TXN452,ACC001,CUST001,DEBIT,567.80,2024-05-10,Smart Home Devices,New York,SUCCESS
TXN453,ACC001,CUST001,DEBIT,123.40,2024-05-11,Security System,New York,SUCCESS
TXN454,ACC001,CUST001,DEBIT,89.50,2024-05-12,Home Automation,New York,SUCCESS
TXN455,ACC001,CUST001,DEBIT,234.60,2024-05-13,IoT Devices,New York,SUCCESS
TXN456,ACC002,CUST002,CREDIT,800.00,2024-05-10,Bonus Payment,Los Angeles,SUCCESS
TXN457,ACC002,CUST002,DEBIT,345.60,2024-05-10,Fitness Equipment,Los Angeles,SUCCESS
TXN458,ACC002,CUST002,DEBIT,678.90,2024-05-11,Personal Training,Los Angeles,SUCCESS
TXN459,ACC002,CUST002,DEBIT,123.40,2024-05-12,Gym Membership,Los Angeles,SUCCESS
TXN460,ACC002,CUST002,DEBIT,456.70,2024-05-13,Yoga Studio,Los Angeles,SUCCESS
TXN461,ACC003,CUST003,CREDIT,1000.00,2024-05-10,Project Payment,Chicago,SUCCESS
TXN462,ACC003,CUST003,DEBIT,234.50,2024-05-10,Software Tools,Chicago,SUCCESS
TXN463,ACC003,CUST003,DEBIT,567.80,2024-05-11,Computer Hardware,Chicago,SUCCESS
TXN464,ACC003,CUST003,DEBIT,345.60,2024-05-12,Monitor,Chicago,SUCCESS
TXN465,ACC003,CUST003,DEBIT,178.90,2024-05-13,Peripherals,Chicago,SUCCESS
TXN466,ACC004,CUST004,CREDIT,1200.00,2024-05-10,Investment Return,Houston,SUCCESS
TXN467,ACC004,CUST004,DEBIT,456.80,2024-05-10,Real Estate Investment,Houston,SUCCESS
TXN468,ACC004,CUST004,DEBIT,678.90,2024-05-11,Property Development,Houston,SUCCESS
TXN469,ACC004,CUST004,DEBIT,234.50,2024-05-12,Land Purchase,Houston,SUCCESS
TXN470,ACC004,CUST004,DEBIT,123.40,2024-05-13,Legal Fees,Houston,SUCCESS
TXN471,ACC005,CUST005,CREDIT,750.00,2024-05-10,Freelance Work,Phoenix,SUCCESS
TXN472,ACC005,CUST005,DEBIT,345.70,2024-05-10,Photography Services,Phoenix,SUCCESS
TXN473,ACC005,CUST005,DEBIT,567.80,2024-05-11,Video Production,Phoenix,SUCCESS
TXN474,ACC005,CUST005,DEBIT,234.50,2024-05-12,Content Creation,Phoenix,SUCCESS
TXN475,ACC005,CUST005,DEBIT,123.60,2024-05-13,Graphic Design,Phoenix,SUCCESS
TXN476,ACC001,CUST001,CREDIT,200.00,2024-05-14,Refund,New York,SUCCESS
TXN477,ACC001,CUST001,DEBIT,89.70,2024-05-14,Subscription Services,New York,SUCCESS
TXN478,ACC001,CUST001,DEBIT,156.80,2024-05-15,Entertainment,New York,SUCCESS
TXN479,ACC001,CUST001,DEBIT,234.50,2024-05-16,Dining Out,New York,SUCCESS
TXN480,ACC001,CUST001,DEBIT,67.90,2024-05-17,Recreation,New York,SUCCESS
TXN481,ACC002,CUST002,CREDIT,350.00,2024-05-14,Gift Card,Los Angeles,SUCCESS
TXN482,ACC002,CUST002,DEBIT,456.70,2024-05-14,Retail Shopping,Los Angeles,SUCCESS
TXN483,ACC002,CUST002,DEBIT,178.90,2024-05-15,Fashion,Los Angeles,SUCCESS
TXN484,ACC002,CUST002,DEBIT,89.60,2024-05-16,Online Shopping,Los Angeles,SUCCESS
TXN485,ACC002,CUST002,DEBIT,234.50,2024-05-17,E-commerce,Los Angeles,SUCCESS
TXN486,ACC003,CUST003,CREDIT,500.00,2024-05-14,Interest Payment,Chicago,SUCCESS
TXN487,ACC003,CUST003,DEBIT,123.40,2024-05-14,Banking Services,Chicago,SUCCESS
TXN488,ACC003,CUST003,DEBIT,345.60,2024-05-15,Financial Planning,Chicago,SUCCESS
TXN489,ACC003,CUST003,DEBIT,67.80,2024-05-16,Investment Advisory,Chicago,SUCCESS
TXN490,ACC003,CUST003,DEBIT,89.50,2024-05-17,Stock Trading,Chicago,SUCCESS
TXN491,ACC004,CUST004,CREDIT,600.00,2024-05-14,Dividend Payment,Houston,SUCCESS
TXN492,ACC004,CUST004,DEBIT,234.50,2024-05-14,Portfolio Management,Houston,SUCCESS
TXN493,ACC004,CUST004,DEBIT,456.80,2024-05-15,Asset Management,Houston,SUCCESS
TXN494,ACC004,CUST004,DEBIT,178.90,2024-05-16,Wealth Management,Houston,SUCCESS
TXN495,ACC004,CUST004,DEBIT,123.40,2024-05-17,Tax Planning,Houston,SUCCESS
TXN496,ACC005,CUST005,CREDIT,400.00,2024-05-14,Side Business,Phoenix,SUCCESS
TXN497,ACC005,CUST005,DEBIT,567.80,2024-05-14,Passive Income,Phoenix,SUCCESS
TXN498,ACC005,CUST005,DEBIT,234.50,2024-05-15,Rental Income,Phoenix,SUCCESS
TXN499,ACC005,CUST005,DEBIT,123.60,2024-05-16,Investment Returns,Phoenix,SUCCESS
TXN500,ACC005,CUST005,DEBIT,89.70,2024-05-17,Business Revenue,Phoenix,SUCCESS
